카테고리,가게명,주소,정제된_주소,lat,lon
1인분 주문,바른보쌈1990-안산상록구점,"경기도 안산시 상록구 본오동 872-20 우성아파트 상가동 104,141호",경기도 안산시 상록구 본오동 872-20,37.2977001,126.8650771
1인분 주문,삼겹살의품격-상록점,경기도 안산시 상록구 본오동 888-17 102호,경기도 안산시 상록구 본오동 888-17,37.2930453,126.8600052
1인분 주문,혼밥도시락-본오동,경기도 안산시 상록구 본오동 668 668,경기도 안산시 상록구 본오동 668,37.2880923,126.8650492
1인분 주문,김밥천국-본오점,경기도 안산시 상록구 본오동 769-20 1층 일부 104호,경기도 안산시 상록구 본오동 769-20,37.2950172,126.87289
1인분 주문,삼겹플레이스-상록수점,경기도 안산시 상록구 본오동 872 월드아파트 상가3동 지층 B02호 일부,경기도 안산시 상록구 본오동 872,37.2998508,126.8651151
1인분 주문,본죽앤비빔밥-안산본오점,경기도 안산시 상록구 본오동 871-1 유경빌딩 103호,경기도 안산시 상록구 본오동 871-1,37.2966,126.8633807
1인분 주문,BRsingles-안산본오점,경기도 안산시 상록구 본오동 882-7 1층,경기도 안산시 상록구 본오동 882-7,37.293374,126.862522
1인분 주문,큰손닭강정-안산본오점,경기도 안산시 상록구 본오동 813-17 1층,경기도 안산시 상록구 본오동 813-17,37.2975079,126.8668905
1인분 주문,"요찌정,요기가찌개정말잘하는집-상록점",경기도 안산시 상록구 본오동 888-17 888-17 1층 102호,경기도 안산시 상록구 본오동 888-17,37.2930453,126.8600052
1인분 주문,본죽-안산본오1동점,경기도 안산시 상록구 본오동 870-9 1층,경기도 안산시 상록구 본오동 870-9,37.2933098,126.8644384
1인분 주문,빽다방-안산본오주공점,"경기도 안산시 상록구 본오동 879-1 웅진빌딩 879-1 웅진빌딩 105,106호",경기도 안산시 상록구 본오동 879-1,37.3007083,126.8630139
1인분 주문,김치찜어때-안산점,경기도 안산시 상록구 본오동 873-1 상경빌딩 지하1층 115호,경기도 안산시 상록구 본오동 873-1,37.3014246,126.8643357
1인분 주문,노브랜드버거-안산본오점,"경기도 안산시 상록구 본오동 872-11 대승프라자 103호 일부, 104호, 105호",경기도 안산시 상록구 본오동 872-11,37.2987654,126.8634859
1인분 주문,메가MGC커피-안산본오사거리점,경기도 안산시 상록구 본오동 813-11 1층 일부,경기도 안산시 상록구 본오동 813-11,37.2968542,126.8670789
1인분 주문,하이오커피-안산본오점,"경기도 안산시 상록구 본오동 871-5 우남빌딩 103, 104호",경기도 안산시 상록구 본오동 871-5,37.2958374,126.8633323
1인분 주문,맘스터치-안산본오점,경기도 안산시 상록구 본오동 879-2 동서빌딩 1층101나호,경기도 안산시 상록구 본오동 879-2,37.3004985,126.8630076
1인분 주문,로즈핀치,경기도 안산시 상록구 본오동 862-8 1층 일부호,경기도 안산시 상록구 본오동 862-8,37.2932837,126.8660408
1인분 주문,메가혼밥-상록점,경기도 안산시 상록구 본오동 888-17 102호,경기도 안산시 상록구 본오동 888-17,37.2930453,126.8600052
1인분 주문,BRsingles-안산상록수점,"경기도 안산시 상록구 본오동 873-5 서해프라자 873-5 서해프라자 1층 106, 107호",경기도 안산시 상록구 본오동 873-5,37.3013731,126.8659016
1인분 주문,메가토핑김치찜-상록점,경기도 안산시 상록구 본오동 888-17 888-17 1층 102호,경기도 안산시 상록구 본오동 888-17,37.2930453,126.8600052
1인분 주문,깨송송덮밥,경기도 안산시 상록구 본오동 668,경기도 안산시 상록구 본오동 668,37.2880923,126.8650492
1인분 주문,정우의덮밥&도시락-상록수점,경기도 안산시 상록구 본오동 872 월드아파트 상가3동 지층 B02호 일부,경기도 안산시 상록구 본오동 872,37.2998508,126.8651151
1인분 주문,본죽-안산상록수역점,경기도 안산시 상록구 본오동 872 월드아파트 1층 106호,경기도 안산시 상록구 본오동 872,37.2998508,126.8651151
1인분 주문,비빔밥입니다-상록점,경기도 안산시 상록구 본오동 888-17 102호,경기도 안산시 상록구 본오동 888-17,37.2930453,126.8600052
1인분 주문,리얼짜글이-상록점,경기도 안산시 상록구 본오동 888-17 888-17 1층 102호,경기도 안산시 상록구 본오동 888-17,37.2930453,126.8600052
1인분 주문,파스타집이야-안산상록수점,경기도 안산시 상록구 본오동 873-1 상경빌딩 상경빌딩B102호 (본오동),경기도 안산시 상록구 본오동 873-1,37.3014246,126.8643357
1인분 주문,덮밥집이야-상록수점,"경기도 안산시 상록구 본오동 873-1 상경빌딩 B102호 (본오동,상경빌딩)",경기도 안산시 상록구 본오동 873-1,37.3014246,126.8643357
1인분 주문,봉카츠-안산직영점,"경기도 안산시 상록구 본오동 872 월드아파트 상가3동 지B01호일부, B02호 일부(2호)",경기도 안산시 상록구 본오동 872,37.2998508,126.8651151
1인분 주문,희담김밥,경기도 안산시 상록구 본오동 885-6 885-6 105호,경기도 안산시 상록구 본오동 885-6,37.2921147,126.8626314
1인분 주문,바삭닭강정,경기도 안산시 상록구 본오동 874-6 대동빌딩 1층 104호,경기도 안산시 상록구 본오동 874-6,37.3021922,126.865944
1인분 주문,국밥은이거지-안산본오점,경기도 안산시 상록구 본오동 873-1 상경빌딩 지1층 B111호,경기도 안산시 상록구 본오동 873-1,37.3014246,126.8643357
1인분 주문,지미카레-안산본오점,경기도 안산시 상록구 본오동 790-14 상가 1층 101호 일부,경기도 안산시 상록구 본오동 790-14,37.2950808,126.8707275
1인분 주문,김나인닭강정,경기도 안산시 상록구 본오동 873-1 상경빌딩 지층 104호,경기도 안산시 상록구 본오동 873-1,37.3014246,126.8643357
프랜차이즈,치킨플러스-안산본오점,경기도 안산시 상록구 본오동 922-4 922-4 101호,경기도 안산시 상록구 본오동 922-4,37.2900881,126.8645028
프랜차이즈,프랭크버거-본오점,경기도 안산시 상록구 본오동 882-7 1층 103호,경기도 안산시 상록구 본오동 882-7,37.293374,126.862522
프랜차이즈,왓더버거-상록수점,경기도 안산시 상록구 본오동 880-14 우성프라자 1층 103호,경기도 안산시 상록구 본오동 880-14,37.2939799,126.8626731
프랜차이즈,BHC-안산본오점,경기도 안산시 상록구 본오동 915-5 1층 102호,경기도 안산시 상록구 본오동 915-5,37.2900515,126.8656228
프랜차이즈,푸라닭-안산본오점,"경기도 안산시 상록구 본오동 868-11 868-11 1층 104,105호",경기도 안산시 상록구 본오동 868-11,37.2920995,126.8630847
프랜차이즈,롯데리아-안산본오점,"경기도 안산시 상록구 본오동 872-18 동성빌딩 872-18 동성빌딩 101,102,103,108,109호",경기도 안산시 상록구 본오동 872-18,37.29721,126.8634054
프랜차이즈,피자헐-본오점,경기도 안산시 상록구 본오동 855-7 855-7,경기도 안산시 상록구 본오동 855-7,37.2916302,126.8678016
프랜차이즈,60계치킨-경기안산상록수점,"경기도 안산시 상록구 본오동 872-12 104,105호",경기도 안산시 상록구 본오동 872-12,37.2985585,126.8634752
프랜차이즈,후라이드참잘하는집-상록수점,"경기도 안산시 상록구 본오동 879-16 신안2차아파트 상가동 신안아파트 상가1층 103,104호",경기도 안산시 상록구 본오동 879-16,37.2976012,126.8612081
프랜차이즈,굽네치킨&피자-본오2동점,경기도 안산시 상록구 본오동 818 1층 102호,경기도 안산시 상록구 본오동 818,37.2957369,126.8672959
프랜차이즈,노모어피자-안산본오점,경기도 안산시 상록구 본오동 823 1층 일부호,경기도 안산시 상록구 본오동 823,37.2942667,126.8667232
프랜차이즈,가마치통닭-경기안산상록수역점,"경기도 안산시 상록구 본오동 872 월드아파트 상가 2동 1층 109,110호",경기도 안산시 상록구 본오동 872,37.2998508,126.8651151
프랜차이즈,교촌치킨-본오1호점,경기도 안산시 상록구 본오동 879-10 초원빌딩 879-10 초원빌딩 101호,경기도 안산시 상록구 본오동 879-10,37.2977868,126.8628704
프랜차이즈,노랑통닭-안산본오점,경기도 안산시 상록구 본오동 886 1층,경기도 안산시 상록구 본오동 886,37.2923739,126.8599699
프랜차이즈,버거킹-상록수역점,"경기도 안산시 상록구 본오동 873-5 서해프라자 873-5 서해프라자 1층일부, 2층일부",경기도 안산시 상록구 본오동 873-5,37.3013731,126.8659016
프랜차이즈,BBQ-본오점,경기도 안산시 상록구 본오동 879-16 신안2차아파트 879-16 신안2단지아파트상가 11,경기도 안산시 상록구 본오동 879-16,37.2976012,126.8612081
프랜차이즈,대한성-본오점,"경기도 안산시 상록구 본오동 880-12 굿모닝리빙프라자 II 880-12 101호,102호(굿모닝리빙프라자 2)",경기도 안산시 상록구 본오동 880-12,37.2943624,126.8626929
프랜차이즈,자담치킨-본오점,경기도 안산시 상록구 본오동 783-3 783-3,경기도 안산시 상록구 본오동 783-3,37.2934984,126.8709704
프랜차이즈,동근이숯불두마리치킨-안산본오점,경기도 안산시 상록구 본오동 871-7 1층 102호,경기도 안산시 상록구 본오동 871-7,37.2953787,126.8633103
프랜차이즈,둘둘치킨-본오점,경기도 안산시 상록구 본오동 871-5 우남빌딩 108호,경기도 안산시 상록구 본오동 871-5,37.2958374,126.8633323
프랜차이즈,바른치킨-본오점,경기도 안산시 상록구 본오동 898 1층 101호,경기도 안산시 상록구 본오동 898,37.2918909,126.859952
프랜차이즈,치킨마루-본오점,경기도 안산시 상록구 본오동 827-8,경기도 안산시 상록구 본오동 827-8,37.2935654,126.8689551
프랜차이즈,네네치킨-본오2호점,경기도 안산시 상록구 본오동 886-8 886-8 1층 102호,경기도 안산시 상록구 본오동 886-8,37.2923346,126.8611663
프랜차이즈,보배반점-안산본오점,경기도 안산시 상록구 본오동 870-8 1층,경기도 안산시 상록구 본오동 870-8,37.2933147,126.8642917
프랜차이즈,훌랄라참숯치킨-본오동점,경기도 안산시 상록구 본오동 924-3 924-3,경기도 안산시 상록구 본오동 924-3,37.2899739,126.8627623
프랜차이즈,누구나홀딱반한닭-안산본오점,"경기도 안산시 상록구 본오동 889-3 889-3 101,201호",경기도 안산시 상록구 본오동 889-3,37.293444,126.8604165
프랜차이즈,백억커피-안산본오점,경기도 안산시 상록구 본오동 854 1층 일부,경기도 안산시 상록구 본오동 854,37.2908978,126.8665714
프랜차이즈,투몬스터캔커피-본오직영점,경기도 안산시 상록구 본오동 909-9 한은빌딩 2층,경기도 안산시 상록구 본오동 909-9,37.2904537,126.8639477
프랜차이즈,KFC-안산상록수점,경기도 안산시 상록구 본오동 874-11 삼우프라자 103~104호,경기도 안산시 상록구 본오동 874-11,37.3019247,126.8647562
프랜차이즈,파파존스피자-안산상록점,경기도 안산시 상록구 본오동 862-10 1층 101호,경기도 안산시 상록구 본오동 862-10,37.2931552,126.8662486
프랜차이즈,1키로공룡닭강정-안산본오점,경기도 안산시 상록구 본오동 668-6 1층 일부,경기도 안산시 상록구 본오동 668-6,37.2880688,126.8658764
프랜차이즈,청년다방-안산본오점,경기도 안산시 상록구 본오동 880-5 107호,경기도 안산시 상록구 본오동 880-5,37.2958566,126.8627724
프랜차이즈,두찜-안산본오점,경기도 안산시 상록구 본오동 854-13 854-13 1층 102호,경기도 안산시 상록구 본오동 854-13,37.2903516,126.867051
프랜차이즈,동대문엽기떡볶이-안산본오1동점,경기도 안산시 상록구 본오동 949-1 1층 102호,경기도 안산시 상록구 본오동 949-1,37.2868925,126.8629723
프랜차이즈,또봉이통닭-안산본오점,경기도 안산시 상록구 본오동 823-10 1층,경기도 안산시 상록구 본오동 823-10,37.2936071,126.8676308
프랜차이즈,신전떡볶이-본오점,경기도 안산시 상록구 본오동 815-6,경기도 안산시 상록구 본오동 815-6,37.2964278,126.8692629
프랜차이즈,죠스떡볶이-상록수역점,경기도 안산시 상록구 본오동 874-5 미림프라자 874-5 미림프라자,경기도 안산시 상록구 본오동 874-5,37.3022053,126.8655452
프랜차이즈,컴포즈커피-안산상록수점,경기도 안산시 상록구 본오동 873-10 해동빌딩 1층 105호,경기도 안산시 상록구 본오동 873-10,37.3011059,126.8647143
프랜차이즈,오븐에빠진닭-안산본오점,경기도 안산시 상록구 본오동 769 769 2층,경기도 안산시 상록구 본오동 769,37.2955734,126.8729424
프랜차이즈,응급실국물떡볶이-안산본오점,경기도 안산시 상록구 본오동 889-9 889-9 101호,경기도 안산시 상록구 본오동 889-9,37.2934196,126.8612285
프랜차이즈,백종원의역전우동&덮밥-안산본오점,"경기도 안산시 상록구 본오동 880-4 혜연빌딩 101,102호",경기도 안산시 상록구 본오동 880-4,37.2960463,126.8627801
프랜차이즈,달떡볶이-본오점,경기도 안산시 상록구 본오동 813-18 1층 일부 104호,경기도 안산시 상록구 본오동 813-18,37.2976514,126.8668978
프랜차이즈,파슷타애요-안산본점,"경기도 안산시 상록구 본오동 872 월드아파트 상가3동 지하층 103호(본오동, 월드아파트)",경기도 안산시 상록구 본오동 872,37.2998508,126.8651151
프랜차이즈,에바돈가츠-안산본오점,경기도 안산시 상록구 본오동 857-4 1층,경기도 안산시 상록구 본오동 857-4,37.2931693,126.8686678
프랜차이즈,구도로통닭-상록수역점,경기도 안산시 상록구 본오동 872-3 안산송촌빌딩 1층 104호(본오동),경기도 안산시 상록구 본오동 872-3,37.3004878,126.8635754
프랜차이즈,서오릉피자-상록수점,경기도 안산시 상록구 본오동 873-11 인제빌딩 1층 106호,경기도 안산시 상록구 본오동 873-11,37.3011188,126.86432
프랜차이즈,동해횟집,경기도 안산시 상록구 본오동 666-11 1층 101호,경기도 안산시 상록구 본오동 666-11,37.2877957,126.8640798
프랜차이즈,더벤티-안산본오점,경기도 안산시 상록구 본오동 880-15 강남빌딩 103호,경기도 안산시 상록구 본오동 880-15,37.2937885,126.8626564
프랜차이즈,파리바게뜨-안산본오중점,"경기도 안산시 상록구 본오동 854-18 동양빌딩 101, 102호",경기도 안산시 상록구 본오동 854-18,37.2907424,126.8665633
프랜차이즈,마라벅스마라탕-본오점,경기도 안산시 상록구 본오동 880-13 굿모닝리빙프라자 I 1층 104호,경기도 안산시 상록구 본오동 880-13,37.2941712,126.862683
프랜차이즈,감동까스-안산본오점,경기도 안산시 상록구 본오동 869-7 1층 일부,경기도 안산시 상록구 본오동 869-7,37.2928934,126.8645536
프랜차이즈,배스킨라빈스-안산본오점,경기도 안산시 상록구 본오동 882-7 882-7 1층,경기도 안산시 상록구 본오동 882-7,37.293374,126.862522
프랜차이즈,떡볶이플러스-안산본오점,경기도 안산시 상록구 본오동 922-4 922-4 101호,경기도 안산시 상록구 본오동 922-4,37.2900881,126.8645028
프랜차이즈,포케올데이샐러드&도시락-안산상록수역점,경기도 안산시 상록구 본오동 874-10 서일빌딩 201호 일부,경기도 안산시 상록구 본오동 874-10,37.301912,126.8651391
프랜차이즈,포트리스베트남쌀국수-안산본오점,경기도 안산시 상록구 본오동 854-17 1층 일부호,경기도 안산시 상록구 본오동 854-17,37.2905576,126.8665537
프랜차이즈,배떡-본오점,경기도 안산시 상록구 본오동 820-22 102호,경기도 안산시 상록구 본오동 820-22,37.2951664,126.8681157
프랜차이즈,중평떡볶이-안산상록점,경기도 안산시 상록구 본오동 810-2 기산빌딩 1층 104호,경기도 안산시 상록구 본오동 810-2,37.2980136,126.8669492
프랜차이즈,맥시칸치킨-상록수점,경기도 안산시 상록구 본오동 1129-8 1129-8번지 1층,경기도 안산시 상록구 본오동 1129-8,37.3007895,126.8731721
프랜차이즈,떡의작품가래떡볶이-상록수본점,경기도 안산시 상록구 본오동 874-5 미림프라자 105호,경기도 안산시 상록구 본오동 874-5,37.3022053,126.8655452
프랜차이즈,탕화쿵푸마라탕-본오점,경기도 안산시 상록구 본오동 823-7 1층,경기도 안산시 상록구 본오동 823-7,37.293625,126.8671592
프랜차이즈,치킨혁명-본오점,경기도 안산시 상록구 본오동 829-10 1층102호,경기도 안산시 상록구 본오동 829-10,37.2926263,126.8722838
프랜차이즈,요아정-안산상록점,경기도 안산시 상록구 본오동 903-9 1층 일부,경기도 안산시 상록구 본오동 903-9,37.2916328,126.8630363
프랜차이즈,애플김밥-본점,경기도 안산시 상록구 본오동 872-20 우성아파트 상가동 139호,경기도 안산시 상록구 본오동 872-20,37.2977001,126.8650771
프랜차이즈,조선육회-상록점,경기도 안산시 상록구 본오동 823-11 1층,경기도 안산시 상록구 본오동 823-11,37.2936481,126.8666977
프랜차이즈,유미카츠-상록수점,경기도 안산시 상록구 본오동 873-10 해동빌딩 104호,경기도 안산시 상록구 본오동 873-10,37.3011059,126.8647143
프랜차이즈,다복향마라탕-본오점,경기도 안산시 상록구 본오동 882-6 1층 일부,경기도 안산시 상록구 본오동 882-6,37.2933755,126.8623119
프랜차이즈,고기듬뿍국물두루치기-본오점,경기도 안산시 상록구 본오동 866-17 105호,경기도 안산시 상록구 본오동 866-17,37.2920625,126.8640162
프랜차이즈,와다라멘-안산상록점,경기도 안산시 상록구 본오동 872-20 우성아파트 상가동 136호,경기도 안산시 상록구 본오동 872-20,37.2977001,126.8650771
프랜차이즈,스테이크존-본오점,경기도 안산시 상록구 본오동 827-1 1층 일부,경기도 안산시 상록구 본오동 827-1,37.2935974,126.8679897
프랜차이즈,보끔당-안산본오점,경기도 안산시 상록구 본오동 880-7 1층 103호,경기도 안산시 상록구 본오동 880-7,37.2953979,126.8627465
프랜차이즈,가장맛있는족발-본오점,경기도 안산시 상록구 본오동 871-10 로스코프라자 871-10 로스코프라자 1층 101호,경기도 안산시 상록구 본오동 871-10,37.2947993,126.8632783
프랜차이즈,덮밥90도씨-안산점,경기도 안산시 상록구 본오동 872 월드아파트 상가3동 상가3동 지하층 104호,경기도 안산시 상록구 본오동 872,37.2998508,126.8651151
프랜차이즈,소림마라-상록수점,경기도 안산시 상록구 본오동 873-1 상경빌딩 지하층 B117호,경기도 안산시 상록구 본오동 873-1,37.3014246,126.8643357
프랜차이즈,국수나무-안산본오점,경기도 안산시 상록구 본오동 810-3 810-3 101호,경기도 안산시 상록구 본오동 810-3,37.2980311,126.8671595
프랜차이즈,뚜레쥬르-안산상록수점,경기도 안산시 상록구 본오동 872-2 국제프라자,경기도 안산시 상록구 본오동 872-2,37.3006937,126.8635925
프랜차이즈,땅스부대찌개-본오동점,경기도 안산시 상록구 본오동 882-3 1층 103호,경기도 안산시 상록구 본오동 882-3,37.2933952,126.8618887
프랜차이즈,동궁찜닭-본오점,경기도 안산시 상록구 본오동 891-5 1층 일부호,경기도 안산시 상록구 본오동 891-5,37.2930537,126.8597565
프랜차이즈,홍곱도리탕-안산본오점,경기도 안산시 상록구 본오동 869-7 1층 일부,경기도 안산시 상록구 본오동 869-7,37.2928934,126.8645536
프랜차이즈,기떡찜-안산본오점,경기도 안산시 상록구 본오동 922-4 101호,경기도 안산시 상록구 본오동 922-4,37.2900881,126.8645028
프랜차이즈,요거프레소-안산본오점,경기도 안산시 상록구 본오동 879-6 청송빌딩 101호,경기도 안산시 상록구 본오동 879-6,37.2986355,126.8629147
프랜차이즈,천수냉면-상록점,경기도 안산시 상록구 본오동 667-11 3층 1호,경기도 안산시 상록구 본오동 667-11,37.2882927,126.8660237
프랜차이즈,마왕족발-안산본오점,"경기도 안산시 상록구 본오동 872-13 상록빌딩 101,102호",경기도 안산시 상록구 본오동 872-13,37.2983528,126.8634626
프랜차이즈,아담만두-상록수점,경기도 안산시 상록구 본오동 874-5 미림프라자 1층 101호,경기도 안산시 상록구 본오동 874-5,37.3022053,126.8655452
프랜차이즈,던킨-상록수역점,경기도 안산시 상록구 본오동 874-8 청암빌딩 청암빌딩 106호,경기도 안산시 상록구 본오동 874-8,37.3018858,126.8659275
프랜차이즈,한짬뽕,경기도 안산시 상록구 본오동 862-10 1층 102호,경기도 안산시 상록구 본오동 862-10,37.2931552,126.8662486
프랜차이즈,설빙-안산상록수점,경기도 안산시 상록구 본오동 874-2 송암빌딩 874-2 송암빌딩 201호,경기도 안산시 상록구 본오동 874-2,37.3022437,126.8643785
프랜차이즈,이디야커피-안산본오동점,경기도 안산시 상록구 본오동 872-16 101호,경기도 안산시 상록구 본오동 872-16,37.2976393,126.8634277
프랜차이즈,웅이네오돌뼈닭발도-안산본오점,경기도 안산시 상록구 본오동 862-13 1층 일부 (본오동),경기도 안산시 상록구 본오동 862-13,37.2928046,126.8662304
프랜차이즈,메가MGC커피-안산본오중앙점,경기도 안산시 상록구 본오동 769-3 1층 일부,경기도 안산시 상록구 본오동 769-3,37.2951791,126.8728919
프랜차이즈,파리바게뜨-안산본오점,경기도 안산시 상록구 본오동 882-9 1층,경기도 안산시 상록구 본오동 882-9,37.293358,126.8627295
프랜차이즈,홍루이젠-안산본오점,경기도 안산시 상록구 본오동 879-13 녹원프라자 879-13 녹원프라자 102호,경기도 안산시 상록구 본오동 879-13,37.2971963,126.8628396
프랜차이즈,죽이야기-안산본오점,경기도 안산시 상록구 본오동 819 1층,경기도 안산시 상록구 본오동 819,37.2957526,126.8668226
프랜차이즈,곱창듬뿍국물곱도리탕-상록점,경기도 안산시 상록구 본오동 815-2 1층 104호 (본오동),경기도 안산시 상록구 본오동 815-2,37.2964499,126.8685978
프랜차이즈,교촌치킨-본오2호점,경기도 안산시 상록구 본오동 857-8 857-8 1층,경기도 안산시 상록구 본오동 857-8,37.2931512,126.8692115
프랜차이즈,등촌샤브칼국수-상록수점,"경기도 안산시 상록구 본오동 874-8 청암빌딩 2층 205,206호",경기도 안산시 상록구 본오동 874-8,37.3018858,126.8659275
프랜차이즈,공차-안산상록수점,경기도 안산시 상록구 본오동 874-11 삼우프라자 1층 102호,경기도 안산시 상록구 본오동 874-11,37.3019247,126.8647562
프랜차이즈,원할머니보쌈-안산상록수점,경기도 안산시 상록구 본오동 873-5 서해프라자 2층 일부,경기도 안산시 상록구 본오동 873-5,37.3013731,126.8659016
프랜차이즈,쿡1015-상록수점,경기도 안산시 상록구 본오동 873-4 현대프라자 873-4 현대프라자 1층 111호,경기도 안산시 상록구 본오동 873-4,37.3013862,126.8655017
프랜차이즈,청해수산,경기도 안산시 상록구 본오동 769-2 769-2 2층,경기도 안산시 상록구 본오동 769-2,37.295327,126.8729262
프랜차이즈,오늘도닭갈비-상록수역점,경기도 안산시 상록구 본오동 873-1 상경빌딩 지1층 B111호,경기도 안산시 상록구 본오동 873-1,37.3014246,126.8643357
프랜차이즈,청춘아구&알곤이찜-안산본오점,경기도 안산시 상록구 본오동 888-2 1층 일부호,경기도 안산시 상록구 본오동 888-2,37.293213,126.8603171
프랜차이즈,롱쓰부대찌개-안산본오점,경기도 안산시 상록구 본오동 753-7,경기도 안산시 상록구 본오동 753-7,37.296618,126.8741616
프랜차이즈,진교동찜닭-안산점,경기도 안산시 상록구 본오동 873-1 상경빌딩 B1층 B103호,경기도 안산시 상록구 본오동 873-1,37.3014246,126.8643357
프랜차이즈,원할머니명품도시락-상록수점,경기도 안산시 상록구 본오동 873-5 서해프라자 2층 일부,경기도 안산시 상록구 본오동 873-5,37.3013731,126.8659016
프랜차이즈,족발로일등하는집-안산본오점,경기도 안산시 상록구 본오동 813-10 102호,경기도 안산시 상록구 본오동 813-10,37.2968326,126.8672402
프랜차이즈,홍춘천닭갈비&부대찌개 본오3동점,경기도 안산시 상록구 본오동 872-11 대승프라자 106~109호,경기도 안산시 상록구 본오동 872-11,37.2987654,126.8634859
프랜차이즈,수유리혼밥왕-안산상록수점,경기도 안산시 상록구 본오동 873-1 상경빌딩 지층 B114호,경기도 안산시 상록구 본오동 873-1,37.3014246,126.8643357
프랜차이즈,동대문엽기떡볶이-안산본오점,"경기도 안산시 상록구 본오동 872-9 103,104호",경기도 안산시 상록구 본오동 872-9,37.2991793,126.8635073
프랜차이즈,대치동할매김치찜-상록점,경기도 안산시 상록구 본오동 878-10 우석빌딩 110호 (본오동),경기도 안산시 상록구 본오동 878-10,37.3012115,126.8615179
프랜차이즈,컴포즈커피-안산본오중점,경기도 안산시 상록구 본오동 862-9 1층 일부 (본오동),경기도 안산시 상록구 본오동 862-9,37.2932718,126.8662443
프랜차이즈,국제시장국밥-안산상록수점,경기도 안산시 상록구 본오동 873-1 상경빌딩 지층 B114호,경기도 안산시 상록구 본오동 873-1,37.3014246,126.8643357
프랜차이즈,롯데리아-안산상록수점,경기도 안산시 상록구 본오동 874-2 송암빌딩 874-2 송암빌딩 1층 101~104호,경기도 안산시 상록구 본오동 874-2,37.3022437,126.8643785
프랜차이즈,노랑통닭-상록수점,"경기도 안산시 상록구 본오동 872-6 노랑통닭,1층 1층 101,102호",경기도 안산시 상록구 본오동 872-6,37.2998703,126.8635434
프랜차이즈,김치찜참잘하는집 -안산상록점,경기도 안산시 상록구 본오동 872-20 우성아파트 상가동 136호,경기도 안산시 상록구 본오동 872-20,37.2977001,126.8650771
프랜차이즈,BHC-본오2동점,경기도 안산시 상록구 본오동 762-16 1층,경기도 안산시 상록구 본오동 762-16,37.2960021,126.8729663
프랜차이즈,페리카나-안산본오2점,경기도 안산시 상록구 본오동 1126 1126,경기도 안산시 상록구 본오동 1126,37.3005703,126.8726863
프랜차이즈,최강곱도리&낙곱새-본오점,경기도 안산시 상록구 본오동 668-6 1층 일부,경기도 안산시 상록구 본오동 668-6,37.2880688,126.8658764
프랜차이즈,이삭토스트-안산본오점,경기도 안산시 상록구 본오동 823-12,경기도 안산시 상록구 본오동 823-12,37.2938073,126.8666996
프랜차이즈,컴포즈커피-안산본오우체국점,경기도 안산시 상록구 본오동 779 연지프라자 1층 104호,경기도 안산시 상록구 본오동 779,37.2946635,126.8723286
프랜차이즈,응급실닭볶음탕-안산본오점,경기도 안산시 상록구 본오동 889-9 101호,경기도 안산시 상록구 본오동 889-9,37.2934196,126.8612285
프랜차이즈,파리바게뜨-상록수역점,"경기도 안산시 상록구 본오동 873-7 리치스빌딩 873-7 리치스빌딩 101,105, 106호",경기도 안산시 상록구 본오동 873-7,37.3010672,126.8658859
프랜차이즈,제육의제왕-본오점,경기도 안산시 상록구 본오동 866-17 105호,경기도 안산시 상록구 본오동 866-17,37.2920625,126.8640162
프랜차이즈,골목낙곱새1977-안산본오점,경기도 안산시 상록구 본오동 869-7 1층 일부,경기도 안산시 상록구 본오동 869-7,37.2928934,126.8645536
프랜차이즈,요거프레소-안산본오우체국점,경기도 안산시 상록구 본오동 770-18 1층,경기도 안산시 상록구 본오동 770-18,37.2941368,126.8728683
프랜차이즈,이디야커피-안산본오동2호점,경기도 안산시 상록구 본오동 872-4 102호,경기도 안산시 상록구 본오동 872-4,37.3002819,126.8635647
프랜차이즈,파리바게뜨-안산본오한양점,경기도 안산시 상록구 본오동 871-2 동보프라자 1층 105호,경기도 안산시 상록구 본오동 871-2,37.296409,126.8633639
프랜차이즈,배스킨라빈스-안산상록수점,"경기도 안산시 상록구 본오동 873-5 서해프라자 1층 106, 107호",경기도 안산시 상록구 본오동 873-5,37.3013731,126.8659016
프랜차이즈,곱도리辛&낙곱새-안산상록점,경기도 안산시 상록구 본오동 872-20 우성아파트 상가동 136호,경기도 안산시 상록구 본오동 872-20,37.2977001,126.8650771
프랜차이즈,메가MGC커피-안산본오한양점,경기도 안산시 상록구 본오동 882-10 1층,경기도 안산시 상록구 본오동 882-10,37.2931408,126.8626907
프랜차이즈,파리바게뜨-안산본오스타점,경기도 안산시 상록구 본오동 770-16 770-16 1층,경기도 안산시 상록구 본오동 770-16,37.294397,126.8728797
프랜차이즈,또래오래-안산본오점,경기도 안산시 상록구 본오동 956-5 1층102호(본오동),경기도 안산시 상록구 본오동 956-5,37.2869251,126.8620677
프랜차이즈,비비닭강정-본오점,경기도 안산시 상록구 본오동 872-20 우성아파트 상가동 1층 111호,경기도 안산시 상록구 본오동 872-20,37.2977001,126.8650771
프랜차이즈,호식이두마리치킨-본오1호점,경기도 안산시 상록구 본오동 904-12 1층 일부,경기도 안산시 상록구 본오동 904-12,37.2904916,126.8629969
프랜차이즈,청년피자-안산본오점,경기도 안산시 상록구 본오동 909-8 1층 일부,경기도 안산시 상록구 본오동 909-8,37.2904478,126.864128
프랜차이즈,지코바치킨-본오1호점,경기도 안산시 상록구 본오동 888 풍족한식탁 888 풍족한식탁 1층 102호,경기도 안산시 상록구 본오동 888,37.2932204,126.8600149
프랜차이즈,처갓집양념치킨-본오점,경기도 안산시 상록구 본오동 888-17 1층 일부,경기도 안산시 상록구 본오동 888-17,37.2930453,126.8600052
프랜차이즈,봉구스밥버거-본원한양점,경기도 안산시 상록구 본오동 889-8 101호(본오동),경기도 안산시 상록구 본오동 889-8,37.2934216,126.8610922
프랜차이즈,굽네치킨&피자-본오1동점,경기도 안산시 상록구 본오동 669-7 1층 101호,경기도 안산시 상록구 본오동 669-7,37.2875168,126.8659911
프랜차이즈,봉명동내커피-상록구점,경기도 안산시 상록구 본오동 862-11 봉명동내커피상록구점 1층,경기도 안산시 상록구 본오동 862-11,37.2930383,126.8662425
프랜차이즈,페리카나-안산상록수점,경기도 안산시 상록구 본오동 878-9 878-9 103호,경기도 안산시 상록구 본오동 878-9,37.3011983,126.8619181
프랜차이즈,프랑킨바베큐치킨-상록점,경기도 안산시 상록구 본오동 918-15 104호,경기도 안산시 상록구 본오동 918-15,37.2887754,126.8648415
프랜차이즈,멕시칸치킨-본오1동점,경기도 안산시 상록구 본오동 854-13 101호,경기도 안산시 상록구 본오동 854-13,37.2903516,126.867051
프랜차이즈,슈퍼떡볶킹-상록점,경기도 안산시 상록구 본오동 934-5 1층,경기도 안산시 상록구 본오동 934-5,37.2902765,126.8588364
프랜차이즈,또봉이통닭-안산본오2호점,경기도 안산시 상록구 본오동 944-7 1층,경기도 안산시 상록구 본오동 944-7,37.2872667,126.8623855
프랜차이즈,기영이숯불두마리치킨-안산본오점,경기도 안산시 상록구 본오동 720-10 1층,경기도 안산시 상록구 본오동 720-10,37.2890144,126.8664735
프랜차이즈,스시정-본오점,"경기도 안산시 상록구 본오동 879-8 대한빌딩 103호, 104호(본오동, 대한빌딩)",경기도 안산시 상록구 본오동 879-8,37.2982442,126.8628961
프랜차이즈,냠냠족발&보쌈-본오점,경기도 안산시 상록구 본오동 805-14 1층,경기도 안산시 상록구 본오동 805-14,37.296789,126.8685627
프랜차이즈,맹호수제돈까스-상록수점,경기도 안산시 상록구 본오동 873-1 상경빌딩 상경빌딩B102호 (본오동),경기도 안산시 상록구 본오동 873-1,37.3014246,126.8643357
프랜차이즈,버거킹-상록수역점(24),경기도 안산시 상록구 본오동 873-5 서해프라자 873-5 서해프라자 1층 일부 2층 일부,경기도 안산시 상록구 본오동 873-5,37.3013731,126.8659016
프랜차이즈,더꼬치다-본오점,경기도 안산시 상록구 본오동 872-9 872-9 융창빌딩 105호,경기도 안산시 상록구 본오동 872-9,37.2991793,126.8635073
프랜차이즈,한식밥상-상록수점,"경기도 안산시 상록구 본오동 873-1 상경빌딩 지하1층 B112호(본오동, 상경빌딩)",경기도 안산시 상록구 본오동 873-1,37.3014246,126.8643357
프랜차이즈,열정적인자영업자의김치찜-본오점,경기도 안산시 상록구 본오동 956-5,경기도 안산시 상록구 본오동 956-5,37.2869251,126.8620677
프랜차이즈,한끼1인김치찜&갈비찜-안산본오점,경기도 안산시 상록구 본오동 893-9 1층 101호,경기도 안산시 상록구 본오동 893-9,37.2923824,126.8597209
프랜차이즈,내만삼겹살-안산점,경기도 안산시 상록구 본오동 814-8 103호,경기도 안산시 상록구 본오동 814-8,37.2963087,126.8680182
프랜차이즈,찐하오마라탕-본오동점,경기도 안산시 상록구 본오동 862-7 1층일부,경기도 안산시 상록구 본오동 862-7,37.2932645,126.8657862
프랜차이즈,홍콩반점0410-안산본오점,"경기도 안산시 상록구 본오동 880-8 성은빌딩 1층 102,104호",경기도 안산시 상록구 본오동 880-8,37.2952044,126.8627365
프랜차이즈,쪽갈비에미치닭-안산상록수점,경기도 안산시 상록구 본오동 872-21 1층 101호,경기도 안산시 상록구 본오동 872-21,37.3003913,126.8639373
프랜차이즈,경성찹쌀꽈배기-상록수역점,경기도 안산시 상록구 본오동 872 월드아파트 상가4동 1층102호,경기도 안산시 상록구 본오동 872,37.2998508,126.8651151
프랜차이즈,홍춘천치즈닭갈비-본오3동점,경기도 안산시 상록구 본오동 872-11 대승프라자 106~109호,경기도 안산시 상록구 본오동 872-11,37.2987654,126.8634859
프랜차이즈,1인전용김치찜-본오점,경기도 안산시 상록구 본오동 814-8 103호,경기도 안산시 상록구 본오동 814-8,37.2963087,126.8680182
프랜차이즈,과일에반하다프루타-상록본점,경기도 안산시 상록구 본오동 892-6 1층 일부,경기도 안산시 상록구 본오동 892-6,37.2926207,126.8597393
프랜차이즈,화덕에통째로구운족발-본오점,경기도 안산시 상록구 본오동 872-20 우성아파트 상가동 1층 127호,경기도 안산시 상록구 본오동 872-20,37.2977001,126.8650771
프랜차이즈,한끼한상도시락-상록수점,"경기도 안산시 상록구 본오동 873-1 상경빌딩 지하1층 B112호(본오동, 상경빌딩)",경기도 안산시 상록구 본오동 873-1,37.3014246,126.8643357
프랜차이즈,닭발공작소-안산본오점,경기도 안산시 상록구 본오동 815-2 1층 104호,경기도 안산시 상록구 본오동 815-2,37.2964499,126.8685978
프랜차이즈,마라순코우마라탕-상록본오점,경기도 안산시 상록구 본오동 1118-9 1층 101호,경기도 안산시 상록구 본오동 1118-9,37.3010151,126.8727017
프랜차이즈,오늘도김치찜-안산본오점,경기도 안산시 상록구 본오동 773-7 1층,경기도 안산시 상록구 본오동 773-7,37.2941234,126.8740526
프랜차이즈,착한갈비찜-안산상록수점,경기도 안산시 상록구 본오동 872-21 1층 101호,경기도 안산시 상록구 본오동 872-21,37.3003913,126.8639373
프랜차이즈,대동집-상록수점,"경기도 안산시 상록구 본오동 879-1 웅진빌딩 108,109,110호",경기도 안산시 상록구 본오동 879-1,37.3007083,126.8630139
프랜차이즈,백종원의백스비어-상록수역점,경기도 안산시 상록구 본오동 872-23 샘골빌딩 101호,경기도 안산시 상록구 본오동 872-23,37.2997276,126.8665936
프랜차이즈,이차돌-상록수역점,경기도 안산시 상록구 본오동 873-2 본오프라자 873-2 본오프라자 1층 104호,경기도 안산시 상록구 본오동 873-2,37.3014116,126.86473
치킨,거농닭강정,경기도 안산시 상록구 본오동 953-16 953-16 1층,경기도 안산시 상록구 본오동 953-16,37.285646,126.8613832
치킨,추억의통닭,경기도 안산시 상록구 본오동 829-10 1층102호,경기도 안산시 상록구 본오동 829-10,37.2926263,126.8722838
치킨,계장수-안산본점,경기도 안산시 상록구 본오동 919-7 919-7 1층 101호,경기도 안산시 상록구 본오동 919-7,37.2887909,126.8642638
치킨,한방통닭바베큐,경기도 안산시 상록구 본오동 872 월드아파트 상가3동 1층 113호,경기도 안산시 상록구 본오동 872,37.2998508,126.8651151
치킨,커플두마리치킨,경기도 안산시 상록구 본오동 869-7 1층 일부,경기도 안산시 상록구 본오동 869-7,37.2928934,126.8645536
치킨,피자구뜨-본오점,경기도 안산시 상록구 본오동 862-4 862-4 101호,경기도 안산시 상록구 본오동 862-4,37.2932774,126.8654109
치킨,미친닭날개-본오점,경기도 안산시 상록구 본오동 871-6 성문빌딩 1층 8호,경기도 안산시 상록구 본오동 871-6,37.2955711,126.8633183
치킨,79대포-안산본오점,"경기도 안산시 상록구 본오동 874-10 서일빌딩 874-10 서일빌딩 1층 109,110호",경기도 안산시 상록구 본오동 874-10,37.301912,126.8651391
치킨,무근본다방-상록수점,"경기도 안산시 상록구 본오동 872 월드아파트 상가3동 지층 B01호일부 , B02호 일부",경기도 안산시 상록구 본오동 872,37.2998508,126.8651151
치킨,송정례황기닭곰탕삼계탕,경기도 안산시 상록구 본오동 822-4 822-4 102호,경기도 안산시 상록구 본오동 822-4,37.2948983,126.867507
치킨,직계바베큐치킨-본점,경기도 안산시 상록구 본오동 918-15 104호,경기도 안산시 상록구 본오동 918-15,37.2887754,126.8648415
치킨,강호동678치킨-안산본오점,경기도 안산시 상록구 본오동 779 연지프라자 779 연지프라자 1층 107호,경기도 안산시 상록구 본오동 779,37.2946635,126.8723286
치킨,닭강정챔피언-본오점,경기도 안산시 상록구 본오동 759-1 1층 일부호(본오동),경기도 안산시 상록구 본오동 759-1,37.2990312,126.8730893
치킨,한식당-본오점,경기도 안산시 상록구 본오동 667-5 667-5 1층,경기도 안산시 상록구 본오동 667-5,37.288468,126.8652922
피자/양식,파스타의정석-안산본점,경기도 안산시 상록구 본오동 872 월드아파트 상가3동 지하층 104호,경기도 안산시 상록구 본오동 872,37.2998508,126.8651151
피자/양식,심야스테이크-상록수점,경기도 안산시 상록구 본오동 873-7 리치스빌딩 104호(본오동),경기도 안산시 상록구 본오동 873-7,37.3010672,126.8658859
피자/양식,우쭈쭈직화쭈꾸미&직화불고기-상록점,"경기도 안산시 상록구 본오동 874-3 상림프라자 874-3 상림프라자 2층 202,204호",경기도 안산시 상록구 본오동 874-3,37.3022307,126.8647737
피자/양식,피자가들어간고기앤쭈꾸미,"경기도 안산시 상록구 본오동 874-3 상림프라자 874-3 상림프라자 2층 202,204호",경기도 안산시 상록구 본오동 874-3,37.3022307,126.8647737
피자/양식,숩수비드전문,경기도 안산시 상록구 본오동 871 신안코아 지층5호,경기도 안산시 상록구 본오동 871,37.2951281,126.8650065
피자/양식,시요땅,경기도 안산시 상록구 본오동 872-21 1층 101호,경기도 안산시 상록구 본오동 872-21,37.3003913,126.8639373
피자/양식,우디버거,경기도 안산시 상록구 본오동 813-1 1층 103호,경기도 안산시 상록구 본오동 813-1,37.2977876,126.8670722
중국집,대운각중화요리,경기도 안산시 상록구 본오동 949-5 949-5 1층,경기도 안산시 상록구 본오동 949-5,37.2868626,126.8635983
중국집,완전짬뽕맛있는집,"경기도 안산시 상록구 본오동 877-8 올림포스보노피아 877-8 올림포스보노피아 121,122,123호",경기도 안산시 상록구 본오동 877-8,37.3021314,126.862977
중국집,짬뽕의전설-본오점,경기도 안산시 상록구 본오동 1126-8 1126-8,경기도 안산시 상록구 본오동 1126-8,37.2996348,126.8726351
중국집,상록관전통중화요리,경기도 안산시 상록구 본오동 666-13 101호,경기도 안산시 상록구 본오동 666-13,37.2880346,126.8640914
중국집,라홍방마라탕-상록수점,경기도 안산시 상록구 본오동 880-8 성은빌딩 880-8 성은빌딩 1층 103호,경기도 안산시 상록구 본오동 880-8,37.2952044,126.8627365
중국집,차즈융성마라탕,경기도 안산시 상록구 본오동 777-3 777-3 1층,경기도 안산시 상록구 본오동 777-3,37.2935459,126.8728175
중국집,마라풍차-본오점,"경기도 안산시 상록구 본오동 872-20 우성아파트 상가동 우성아파트 상가 1층 104호 , 141호",경기도 안산시 상록구 본오동 872-20,37.2977001,126.8650771
중국집,금룡양꼬치,경기도 안산시 상록구 본오동 877-8 올림포스보노피아 877-8 올림포스보노피아 2층208호,경기도 안산시 상록구 본오동 877-8,37.3021314,126.862977
중국집,동해강릉초당짬뽕순두부-상록수점,경기도 안산시 상록구 본오동 872-2 국제프라자 103호104호,경기도 안산시 상록구 본오동 872-2,37.3006937,126.8635925
중국집,젠틀포,경기도 안산시 상록구 본오동 813-9 1층,경기도 안산시 상록구 본오동 813-9,37.2968272,126.8674156
중국집,천년의짬뽕,"경기도 안산시 상록구 본오동 880-12 굿모닝리빙프라자 II 101호,102호",경기도 안산시 상록구 본오동 880-12,37.2943624,126.8626929
중국집,연길냉면&꿔바로우,경기도 안산시 상록구 본오동 777-3 777-3 1층,경기도 안산시 상록구 본오동 777-3,37.2935459,126.8728175
중국집,소화룡양꼬치,경기도 안산시 상록구 본오동 877-8 올림포스보노피아 877-8 올림포스보노피아 2층208호,경기도 안산시 상록구 본오동 877-8,37.3021314,126.862977
중국집,짜장짬뽕시대,경기도 안산시 상록구 본오동 860-11 1층 103호,경기도 안산시 상록구 본오동 860-11,37.2919337,126.8673046
중국집,778양꼬치-본오점,경기도 안산시 상록구 본오동 893-9 1층 101호,경기도 안산시 상록구 본오동 893-9,37.2923824,126.8597209
중국집,1001양꼬치&꼬치튀김,경기도 안산시 상록구 본오동 882-10 102호,경기도 안산시 상록구 본오동 882-10,37.2931408,126.8626907
중국집,행복짬뽕,경기도 안산시 상록구 본오동 770-4 1층,경기도 안산시 상록구 본오동 770-4,37.2946854,126.873559
중국집,짬뽕에반하다-본오점,경기도 안산시 상록구 본오동 724 청룡빌라 1층 105호,경기도 안산시 상록구 본오동 724,37.2898862,126.8706262
중국집,강남화로구이양갈비양꼬치,경기도 안산시 상록구 본오동 1118-10 1층,경기도 안산시 상록구 본오동 1118-10,37.3008941,126.8726998
한식,서울뚝배기-본점,"경기도 안산시 상록구 본오동 872-12 872-12 106,107,108호",경기도 안산시 상록구 본오동 872-12,37.2985585,126.8634752
한식,뼈앓이감자탕-본오점,경기도 안산시 상록구 본오동 815 1층 일부,경기도 안산시 상록구 본오동 815,37.2964604,126.8682821
한식,H.열정직화삼겹&밥도둑짜글이-상록구점,경기도 안산시 상록구 본오동 984-19 1층 102호,경기도 안산시 상록구 본오동 984-19,37.2852253,126.8598371
한식,가서채생선구이전문점,경기도 안산시 상록구 본오동 860-8 860-8 1층,경기도 안산시 상록구 본오동 860-8,37.2919166,126.8678168
한식,어촌식당,경기도 안산시 상록구 본오동 675 675 1층,경기도 안산시 상록구 본오동 675,37.2864596,126.8640022
한식,진미곱창-본오점,경기도 안산시 상록구 본오동 872-15 화정빌딩 872-15 화정빌딩 101호,경기도 안산시 상록구 본오동 872-15,37.297854,126.8634388
한식,비벼밥과쌈밥,경기도 안산시 상록구 본오동 668 668,경기도 안산시 상록구 본오동 668,37.2880923,126.8650492
한식,육잘알-본점,경기도 안산시 상록구 본오동 873-1 상경빌딩 지하1층 B108호,경기도 안산시 상록구 본오동 873-1,37.3014246,126.8643357
한식,소공동직화구이집,경기도 안산시 상록구 본오동 797-21 797-21,경기도 안산시 상록구 본오동 797-21,37.2961352,126.8698571
한식,덮밥딜리버리-상록수점,"경기도 안산시 상록구 본오동 872 월드아파트 상가3동 지층 B01호일부 , B02호 일부",경기도 안산시 상록구 본오동 872,37.2998508,126.8651151
한식,시골우렁쌈밥,경기도 안산시 상록구 본오동 960-12 960-12 1층,경기도 안산시 상록구 본오동 960-12,37.2870407,126.8594833
한식,민지네산꼼장어껍데기,경기도 안산시 상록구 본오동 885-3 민지산꼼장어껍데기 1층 전체,경기도 안산시 상록구 본오동 885-3,37.2924886,126.8626572
한식,여가순댓국,경기도 안산시 상록구 본오동 812-1 1층,경기도 안산시 상록구 본오동 812-1,37.297772,126.8674687
한식,꼬꼬삼계탕,경기도 안산시 상록구 본오동 888-2 1층 일부호,경기도 안산시 상록구 본오동 888-2,37.293213,126.8603171
한식,원조칡냉면-본오본점,경기도 안산시 상록구 본오동 872-9 872-9 융창빌딩 1층 102호,경기도 안산시 상록구 본오동 872-9,37.2991793,126.8635073
한식,우렁각시쌈밥,경기도 안산시 상록구 본오동 926-7 1층 101호,경기도 안산시 상록구 본오동 926-7,37.2888415,126.8635815
한식,오늘은찌개내일은제육,경기도 안산시 상록구 본오동 674-3 명성빌딩 1층 일부호,경기도 안산시 상록구 본오동 674-3,37.2868426,126.8644369
한식,신홍닭발,경기도 안산시 상록구 본오동 882-10 1층 일부,경기도 안산시 상록구 본오동 882-10,37.2931408,126.8626907
한식,도도야알탕,경기도 안산시 상록구 본오동 668-6 1층 일부(본오동),경기도 안산시 상록구 본오동 668-6,37.2880688,126.8658764
한식,여수해물아구찜&사계절김치찜,경기도 안산시 상록구 본오동 804-17 804-17 104호,경기도 안산시 상록구 본오동 804-17,37.296757,126.8695292
한식,새천년국밥,"경기도 안산시 상록구 본오동 880-12 굿모닝리빙프라자 II 101호,102호",경기도 안산시 상록구 본오동 880-12,37.2943624,126.8626929
한식,동강감자탕&김치전골,경기도 안산시 상록구 본오동 771-20 1층,경기도 안산시 상록구 본오동 771-20,37.2943634,126.8754896
한식,육참냉면&콩국수-안산상록점,경기도 안산시 상록구 본오동 753-7 1층,경기도 안산시 상록구 본오동 753-7,37.296618,126.8741616
한식,중앙즉석닭발-상록수점,"경기도 안산시 상록구 본오동 872-11 대승프라자 101,102,103호",경기도 안산시 상록구 본오동 872-11,37.2987654,126.8634859
한식,서윤찬가찌개백반전문점,경기도 안산시 상록구 본오동 877-8 올림포스보노피아 1층 117호,경기도 안산시 상록구 본오동 877-8,37.3021314,126.862977
한식,오늘도못참는김치찜-안산점,경기도 안산시 상록구 본오동 934-5 1층,경기도 안산시 상록구 본오동 934-5,37.2902765,126.8588364
한식,곱창주의보,경기도 안산시 상록구 본오동 934-20 1층 101호,경기도 안산시 상록구 본오동 934-20,37.2894509,126.8577325
한식,별맛푸드,경기도 안산시 상록구 본오동 890-3 지하1층,경기도 안산시 상록구 본오동 890-3,37.2934791,126.8593577
한식,팔팔김치찌개,경기도 안산시 상록구 본오동 829 829 1층102호,경기도 안산시 상록구 본오동 829,37.2930829,126.8713495
한식,황제닭도리탕,경기도 안산시 상록구 본오동 827-13 1층 일부,경기도 안산시 상록구 본오동 827-13,37.2939498,126.8693934
한식,동태탕&코다리찜,경기도 안산시 상록구 본오동 773-7 1층,경기도 안산시 상록구 본오동 773-7,37.2941234,126.8740526
한식,왔다왕십리곱창,경기도 안산시 상록구 본오동 769-17 1층,경기도 안산시 상록구 본오동 769-17,37.2949941,126.8733441
한식,궁궐전,경기도 안산시 상록구 본오동 787-4 1층 102호,경기도 안산시 상록구 본오동 787-4,37.2940085,126.871136
한식,따라따라포차,경기도 안산시 상록구 본오동 888 풍족한식탁 1층 101호,경기도 안산시 상록구 본오동 888,37.2932204,126.8600149
한식,황금산숯불바베큐-본오점,경기도 안산시 상록구 본오동 769-1 1층 101호,경기도 안산시 상록구 본오동 769-1,37.2954481,126.8729385
한식,신오돌불닭발,경기도 안산시 상록구 본오동 873-9 덕암빌딩 206호,경기도 안산시 상록구 본오동 873-9,37.3010933,126.8650973
한식,본오냉면,"경기도 안산시 상록구 본오동 879-8 대한빌딩 879-8 1층 105호,106호(대한빌딩)",경기도 안산시 상록구 본오동 879-8,37.2982442,126.8628961
한식,서현닭발,"경기도 안산시 상록구 본오동 878-8 상록빌딩 878-8 상록빌딩 108호, 109호",경기도 안산시 상록구 본오동 878-8,37.3011847,126.8623297
한식,김미자당진아구동태찜탕-본오점,경기도 안산시 상록구 본오동 918-8 918-8,경기도 안산시 상록구 본오동 918-8,37.2887433,126.8660307
한식,육회본가2호점-본오점,경기도 안산시 상록구 본오동 892-5 892-5 101호,경기도 안산시 상록구 본오동 892-5,37.2927965,126.8597485
한식,신라왕족발-본오점,경기도 안산시 상록구 본오동 779 연지프라자 779 연지프라자 115호,경기도 안산시 상록구 본오동 779,37.2946635,126.8723286
한식,두례김밥,경기도 안산시 상록구 본오동 872 월드아파트 상가3동 1층 107호,경기도 안산시 상록구 본오동 872,37.2998508,126.8651151
한식,통큰스시-본오본점,경기도 안산시 상록구 본오동 879-1 웅진빌딩 879-1 웅진빌딩 1층 107호(본오동.웅진빌딩),경기도 안산시 상록구 본오동 879-1,37.3007083,126.8630139
한식,써니꼬마김밥,경기도 안산시 상록구 본오동 819-8 819-8 102호,경기도 안산시 상록구 본오동 819-8,37.29518,126.8677128
한식,옥류관평양냉면,경기도 안산시 상록구 본오동 777-3 1층,경기도 안산시 상록구 본오동 777-3,37.2935459,126.8728175
한식,펭귄즉석떡복이,경기도 안산시 상록구 본오동 855-2 1층 일부호,경기도 안산시 상록구 본오동 855-2,37.2916583,126.8669555
한식,공주네분식,경기도 안산시 상록구 본오동 886-9 103호,경기도 안산시 상록구 본오동 886-9,37.2921574,126.8611589
한식,포휘엔,경기도 안산시 상록구 본오동 872-13 상록빌딩 1층105호,경기도 안산시 상록구 본오동 872-13,37.2983528,126.8634626
한식,광발이횟집,경기도 안산시 상록구 본오동 827-6 827-6 1층,경기도 안산시 상록구 본오동 827-6,37.2935744,126.8686849
한식,김강남매운떡볶이-안산본오점,경기도 안산시 상록구 본오동 822-4 103호,경기도 안산시 상록구 본오동 822-4,37.2948983,126.867507
한식,스텔라떡볶이-경기안산본오점,경기도 안산시 상록구 본오동 872-13 상록빌딩 1층 107호,경기도 안산시 상록구 본오동 872-13,37.2983528,126.8634626
한식,오승렬스시,경기도 안산시 상록구 본오동 877-5 우남센스빌 877-5 우남센스빌 1층 110호,경기도 안산시 상록구 본오동 877-5,37.3024149,126.861569
한식,학창시절즉석떡볶이,"경기도 안산시 상록구 본오동 880-3 광림빌딩 103호(본오동, 광림빌딩)",경기도 안산시 상록구 본오동 880-3,37.296237,126.86279
한식,하우스떡볶이-본오점,경기도 안산시 상록구 본오동 829-10 1층102호,경기도 안산시 상록구 본오동 829-10,37.2926263,126.8722838
한식,별난삼계탕,경기도 안산시 상록구 본오동 829 1층 102호,경기도 안산시 상록구 본오동 829,37.2930829,126.8713495
한식,코다리찜&부대찌개,경기도 안산시 상록구 본오동 773-7 1층,경기도 안산시 상록구 본오동 773-7,37.2941234,126.8740526
한식,남도한식-본오동,경기도 안산시 상록구 본오동 668 668,경기도 안산시 상록구 본오동 668,37.2880923,126.8650492
한식,불김삼불맛나는김치삼겹구이-본점,경기도 안산시 상록구 본오동 873-1 상경빌딩 지하1층 B108호,경기도 안산시 상록구 본오동 873-1,37.3014246,126.8643357
한식,제육맛집,경기도 안산시 상록구 본오동 797-21 797-21,경기도 안산시 상록구 본오동 797-21,37.2961352,126.8698571
한식,바싹돈까스&볶음밥,경기도 안산시 상록구 본오동 878-10 우석빌딩 110호,경기도 안산시 상록구 본오동 878-10,37.3012115,126.8615179
한식,닭발사냥꾼-본점,경기도 안산시 상록구 본오동 873-9 덕암빌딩 206호,경기도 안산시 상록구 본오동 873-9,37.3010933,126.8650973
한식,청해화아구&해물찜,경기도 안산시 상록구 본오동 888-2 1층 일부호,경기도 안산시 상록구 본오동 888-2,37.293213,126.8603171
한식,황진이왕족발보쌈,경기도 안산시 상록구 본오동 779 연지프라자 779 연지프라자 115호,경기도 안산시 상록구 본오동 779,37.2946635,126.8723286
한식,얼큰이국밥,경기도 안산시 상록구 본오동 829 1층 102호,경기도 안산시 상록구 본오동 829,37.2930829,126.8713495
한식,홍대왕돈까스-상록점,경기도 안산시 상록구 본오동 878-10 우석빌딩 110호(본오동),경기도 안산시 상록구 본오동 878-10,37.3012115,126.8615179
한식,즉석반찬,"경기도 안산시 상록구 본오동 827-13 101, 102호",경기도 안산시 상록구 본오동 827-13,37.2939498,126.8693934
한식,수라간한식백반,경기도 안산시 상록구 본오동 839-9 1층,경기도 안산시 상록구 본오동 839-9,37.291034,126.8695852
한식,또와곱창,경기도 안산시 상록구 본오동 912-5 1층 102호(본오동),경기도 안산시 상록구 본오동 912-5,37.2913061,126.8661522
한식,새벽나주곰탕,경기도 안산시 상록구 본오동 814-7 814-7 1층,경기도 안산시 상록구 본오동 814-7,37.2964687,126.8680285
한식,일미정특선&한식,"경기도 안산시 상록구 본오동 827-13 101,102호",경기도 안산시 상록구 본오동 827-13,37.2939498,126.8693934
한식,금자씨소반,경기도 안산시 상록구 본오동 913-10 1층 101호,경기도 안산시 상록구 본오동 913-10,37.2905721,126.8661141
한식,만수르한식포차-본점,경기도 안산시 상록구 본오동 882-10 1층,경기도 안산시 상록구 본오동 882-10,37.2931408,126.8626907
한식,수라간셀프도시락,경기도 안산시 상록구 본오동 839-9 1층,경기도 안산시 상록구 본오동 839-9,37.291034,126.8695852
한식,컵빱-본점,경기도 안산시 상록구 본오동 814-8 내만삼겹살 103호,경기도 안산시 상록구 본오동 814-8,37.2963087,126.8680182
한식,화끈쭈꾸미-본점,경기도 안산시 상록구 본오동 777 777 1층,경기도 안산시 상록구 본오동 777,37.2939475,126.8728579
한식,콩불한상-상록점,경기도 안산시 상록구 본오동 872-20 우성아파트 상가동 1층 133호,경기도 안산시 상록구 본오동 872-20,37.2977001,126.8650771
한식,홍가네국밥-본오점,경기도 안산시 상록구 본오동 724 청룡빌라 1층 105호,경기도 안산시 상록구 본오동 724,37.2898862,126.8706262
한식,청불19포차,경기도 안산시 상록구 본오동 860-15 1층,경기도 안산시 상록구 본오동 860-15,37.2919628,126.8666228
한식,국밥과찌개,경기도 안산시 상록구 본오동 762-16 102호,경기도 안산시 상록구 본오동 762-16,37.2960021,126.8729663
한식,청기와김치찜-본점,경기도 안산시 상록구 본오동 873-1 상경빌딩 지하1층 B108호,경기도 안산시 상록구 본오동 873-1,37.3014246,126.8643357
한식,무근지김치찜찌개-안산상록점,경기도 안산시 상록구 본오동 860-15 1층,경기도 안산시 상록구 본오동 860-15,37.2919628,126.8666228
한식,동대문명가닭한마리,경기도 안산시 상록구 본오동 872 월드아파트 상가2동 2층207호,경기도 안산시 상록구 본오동 872,37.2998508,126.8651151
한식,경희꼼국,경기도 안산시 상록구 본오동 856-14 102호,경기도 안산시 상록구 본오동 856-14,37.291881,126.869067
한식,소공동김치찜전문점,경기도 안산시 상록구 본오동 797-21 797-21,경기도 안산시 상록구 본오동 797-21,37.2961352,126.8698571
한식,거기김치찜,경기도 안산시 상록구 본오동 890-3 지하1층,경기도 안산시 상록구 본오동 890-3,37.2934791,126.8593577
한식,우리동네정육점,경기도 안산시 상록구 본오동 891-5 1층103호,경기도 안산시 상록구 본오동 891-5,37.2930537,126.8597565
한식,석쇠로770연탄불고기-상록구점,경기도 안산시 상록구 본오동 874-6 대동빌딩 1층 115호,경기도 안산시 상록구 본오동 874-6,37.3021922,126.865944
한식,맘마분식,경기도 안산시 상록구 본오동 790-14 상가 1층 101호 일부,경기도 안산시 상록구 본오동 790-14,37.2950808,126.8707275
한식,국민학교분식,경기도 안산시 상록구 본오동 913-17 1층 일부(본오동),경기도 안산시 상록구 본오동 913-17,37.2904221,126.8649146
일식/돈까스,우리동네초밥24-초밥전문점,"경기도 안산시 상록구 본오동 872 월드아파트 상가3동 상가3동 112호(본오동, 월드아파트)",경기도 안산시 상록구 본오동 872,37.2998508,126.8651151
일식/돈까스,제철회수산-회전문점,"경기도 안산시 상록구 본오동 872-20 우성아파트 상가동 1층 103호(본오동, 우성아파트 상가동)",경기도 안산시 상록구 본오동 872-20,37.2977001,126.8650771
일식/돈까스,초미남-안산점,경기도 안산시 상록구 본오동 873-1 상경빌딩 지층 B118호,경기도 안산시 상록구 본오동 873-1,37.3014246,126.8643357
일식/돈까스,이자카야호 육회&연어-본오점,"경기도 안산시 상록구 본오동 879-11 극동프라자 106호,107호 이자카야호",경기도 안산시 상록구 본오동 879-11,37.2975899,126.8628602
일식/돈까스,멘야타치아가루,경기도 안산시 상록구 본오동 873-1 상경빌딩 지하1층 B113호,경기도 안산시 상록구 본오동 873-1,37.3014246,126.8643357
일식/돈까스,신어부이야기-안산점,경기도 안산시 상록구 본오동 901-9 1층 신어부이야기,경기도 안산시 상록구 본오동 901-9,37.2905551,126.8608983
일식/돈까스,망고라이스가츠,경기도 안산시 상록구 본오동 849-1 1층,경기도 안산시 상록구 본오동 849-1,37.2916161,126.8682163
일식/돈까스,조개랑오징어랑-상록점,경기도 안산시 상록구 본오동 797-6 797-6 1층,경기도 안산시 상록구 본오동 797-6,37.2963717,126.870954
일식/돈까스,또초밥,경기도 안산시 상록구 본오동 871 신안코아 127동상가 지하 26호 일부 또초밥,경기도 안산시 상록구 본오동 871,37.2951281,126.8650065
족발/보쌈,본오왕족발-본오점,경기도 안산시 상록구 본오동 871-10 로스코프라자 871-10 로스코프라자 103호,경기도 안산시 상록구 본오동 871-10,37.2947993,126.8632783
족발/보쌈,야들야들한보약족발보쌈-안산상록점,경기도 안산시 상록구 본오동 880-12 굿모닝리빙프라자 II 880-12 굿모닝리빙프라자 II 104호,경기도 안산시 상록구 본오동 880-12,37.2943624,126.8626929
족발/보쌈,화덕에구운족발신선생-상록수점,경기도 안산시 상록구 본오동 872-6 안산석천빌딩 872-6 안산석천빌딩 1층 103~105호,경기도 안산시 상록구 본오동 872-6,37.2998703,126.8635434
족발/보쌈,건강한족발보쌈-천연재료,"경기도 안산시 상록구 본오동 879-8 대한빌딩 879-8 1층 105호,106호(대한빌딩)",경기도 안산시 상록구 본오동 879-8,37.2982442,126.8628961
족발/보쌈,상록수장충동왕족발보쌈,경기도 안산시 상록구 본오동 779 연지프라자 779 연지프라자 115호,경기도 안산시 상록구 본오동 779,37.2946635,126.8723286
족발/보쌈,족발보쌈전문점,"경기도 안산시 상록구 본오동 879-8 대한빌딩 879-8 1층 105호,106호(대한빌딩)",경기도 안산시 상록구 본오동 879-8,37.2982442,126.8628961
야식,요거트월드-본오점,경기도 안산시 상록구 본오동 888 풍족한식탁 103호,경기도 안산시 상록구 본오동 888,37.2932204,126.8600149
야식,루틴카페-안산점,경기도 안산시 상록구 본오동 873-1 상경빌딩 B107호,경기도 안산시 상록구 본오동 873-1,37.3014246,126.8643357
야식,빙수베어,경기도 안산시 상록구 본오동 1127-8 지1층 일부,경기도 안산시 상록구 본오동 1127-8,37.3011595,126.8732322
야식,할로과일카페,경기도 안산시 상록구 본오동 912 1층 일부,경기도 안산시 상록구 본오동 912,37.2917079,126.8654637
야식,디저트카페딥띵스,경기도 안산시 상록구 본오동 862 1층 105호(본오동),경기도 안산시 상록구 본오동 862,37.2932999,126.8648039
야식,베이커리카페버터풀-안산점,경기도 안산시 상록구 본오동 873-1 상경빌딩 지하1층 B107호,경기도 안산시 상록구 본오동 873-1,37.3014246,126.8643357
야식,쿠모쿠모,경기도 안산시 상록구 본오동 873-1 상경빌딩 B107호,경기도 안산시 상록구 본오동 873-1,37.3014246,126.8643357
야식,신세계떡볶이,경기도 안산시 상록구 본오동 675-11 1층 101호,경기도 안산시 상록구 본오동 675-11,37.2863151,126.8639951
야식,머스트픽본점-MUSTPICK,경기도 안산시 상록구 본오동 813-8 1층 일부,경기도 안산시 상록구 본오동 813-8,37.2969783,126.8674208
야식,마초떡볶이-본오점,경기도 안산시 상록구 본오동 854-13 101호,경기도 안산시 상록구 본오동 854-13,37.2903516,126.867051
분식,학교앞꽁이네분식,경기도 안산시 상록구 본오동 904-17 1층,경기도 안산시 상록구 본오동 904-17,37.2912787,126.8630293
분식,황제찹쌀꽈배기,경기도 안산시 상록구 본오동 814-2 1층 103호,경기도 안산시 상록구 본오동 814-2,37.2964962,126.867197
분식,장모님손맛수제식혜&요기거리,"경기도 안산시 상록구 본오동 872 월드아파트 상가3동 지하1층 B01,B02호 일부",경기도 안산시 상록구 본오동 872,37.2998508,126.8651151
분식,리터퀸커피-안산본오동점,경기도 안산시 상록구 본오동 872-20 우성아파트 상가동 108호,경기도 안산시 상록구 본오동 872-20,37.2977001,126.8650771
분식,투몬스터캔커피-본오2호점,경기도 안산시 상록구 본오동 886-8 1층 101호,경기도 안산시 상록구 본오동 886-8,37.2923346,126.8611663
분식,진타코진심타코야끼-본오점,경기도 안산시 상록구 본오동 813-18 1층 일부 104호,경기도 안산시 상록구 본오동 813-18,37.2976514,126.8668978
분식,101분식,경기도 안산시 상록구 본오동 860-15 1층 101호,경기도 안산시 상록구 본오동 860-15,37.2919628,126.8666228
카페/디저트,카페호시,경기도 안산시 상록구 본오동 790-14 1층 101호,경기도 안산시 상록구 본오동 790-14,37.2950808,126.8707275
카페/디저트,떡사랑,경기도 안산시 상록구 본오동 889-5 대한예수교장로회우리하나교회 889-5 대한예수교장로회우리하나교회 1층 101호,경기도 안산시 상록구 본오동 889-5,37.293435,126.8606869
카페/디저트,빠띠프랑,경기도 안산시 상록구 본오동 823-6 1층,경기도 안산시 상록구 본오동 823-6,37.2936375,126.8670047
카페/디저트,송메공(베트남쌀국수),경기도 안산시 상록구 본오동 879-1 웅진빌딩 웅진빌딩 203호 본오동,경기도 안산시 상록구 본오동 879-1,37.3007083,126.8630139
카페/디저트,누카커피,경기도 안산시 상록구 본오동 862-7 1층,경기도 안산시 상록구 본오동 862-7,37.2932645,126.8657862
카페/디저트,수다,경기도 안산시 상록구 본오동 784-8 1층 102호,경기도 안산시 상록구 본오동 784-8,37.2935338,126.8697179
카페/디저트,크림비케이크,경기도 안산시 상록구 본오동 872-3 안산송촌빌딩 1층 103호,경기도 안산시 상록구 본오동 872-3,37.3004878,126.8635754
카페/디저트,에그인,경기도 안산시 상록구 본오동 823-14 1층일부,경기도 안산시 상록구 본오동 823-14,37.2941135,126.8667153
카페/디저트,카페돈-본오점,경기도 안산시 상록구 본오동 877-12 대아상가 877-12 대아상가 103호,경기도 안산시 상록구 본오동 877-12,37.3020429,126.8611657
카페/디저트,린덴(LINDEN),경기도 안산시 상록구 본오동 895-20 1층 101호,경기도 안산시 상록구 본오동 895-20,37.2906343,126.8585145
카페/디저트,라온샌드위치＆샐러드,경기도 안산시 상록구 본오동 909-5 1층일부,경기도 안산시 상록구 본오동 909-5,37.2904305,126.8646547
카페/디저트,다복수제꽈배기,경기도 안산시 상록구 본오동 880-5 1층 108호,경기도 안산시 상록구 본오동 880-5,37.2958566,126.8627724
